img_path,label
./256_ObjectCategories/139.megaphone/139_0010.jpg,139
./256_ObjectCategories/139.megaphone/139_0024.jpg,139
./256_ObjectCategories/139.megaphone/139_0075.jpg,139
./256_ObjectCategories/139.megaphone/139_0036.jpg,139
./256_ObjectCategories/139.megaphone/139_0013.jpg,139
./256_ObjectCategories/139.megaphone/139_0027.jpg,139
./256_ObjectCategories/139.megaphone/139_0085.jpg,139
./256_ObjectCategories/139.megaphone/139_0048.jpg,139
./256_ObjectCategories/139.megaphone/139_0001.jpg,139
./256_ObjectCategories/139.megaphone/139_0014.jpg,139
./256_ObjectCategories/139.megaphone/139_0031.jpg,139
./256_ObjectCategories/139.megaphone/139_0054.jpg,139
./256_ObjectCategories/139.megaphone/139_0002.jpg,139
./256_ObjectCategories/139.megaphone/139_0058.jpg,139
./256_ObjectCategories/139.megaphone/139_0023.jpg,139
./256_ObjectCategories/139.megaphone/139_0030.jpg,139
./256_ObjectCategories/139.megaphone/139_0043.jpg,139
./256_ObjectCategories/139.megaphone/139_0074.jpg,139
./256_ObjectCategories/139.megaphone/139_0055.jpg,139
./256_ObjectCategories/139.megaphone/139_0086.jpg,139
./256_ObjectCategories/139.megaphone/139_0019.jpg,139
./256_ObjectCategories/139.megaphone/139_0064.jpg,139
./256_ObjectCategories/139.megaphone/139_0032.jpg,139
./256_ObjectCategories/139.megaphone/139_0028.jpg,139
./256_ObjectCategories/139.megaphone/139_0044.jpg,139
./256_ObjectCategories/139.megaphone/139_0070.jpg,139
./256_ObjectCategories/139.megaphone/139_0006.jpg,139
./256_ObjectCategories/139.megaphone/139_0076.jpg,139
./256_ObjectCategories/139.megaphone/139_0073.jpg,139
./256_ObjectCategories/139.megaphone/139_0062.jpg,139
./256_ObjectCategories/139.megaphone/139_0039.jpg,139
./256_ObjectCategories/139.megaphone/139_0045.jpg,139
./256_ObjectCategories/139.megaphone/139_0080.jpg,139
./256_ObjectCategories/139.megaphone/139_0061.jpg,139
./256_ObjectCategories/139.megaphone/139_0047.jpg,139
./256_ObjectCategories/139.megaphone/139_0079.jpg,139
./256_ObjectCategories/139.megaphone/139_0042.jpg,139
./256_ObjectCategories/139.megaphone/139_0004.jpg,139
./256_ObjectCategories/139.megaphone/139_0009.jpg,139
./256_ObjectCategories/139.megaphone/139_0037.jpg,139
./256_ObjectCategories/139.megaphone/139_0003.jpg,139
./256_ObjectCategories/139.megaphone/139_0026.jpg,139
./256_ObjectCategories/139.megaphone/139_0072.jpg,139
./256_ObjectCategories/139.megaphone/139_0007.jpg,139
./256_ObjectCategories/139.megaphone/139_0021.jpg,139
./256_ObjectCategories/139.megaphone/139_0035.jpg,139
./256_ObjectCategories/139.megaphone/139_0060.jpg,139
./256_ObjectCategories/139.megaphone/139_0011.jpg,139
./256_ObjectCategories/139.megaphone/139_0066.jpg,139
./256_ObjectCategories/139.megaphone/139_0022.jpg,139
./256_ObjectCategories/139.megaphone/139_0050.jpg,139
./256_ObjectCategories/085.goat/085_0037.jpg,085
./256_ObjectCategories/085.goat/085_0091.jpg,085
./256_ObjectCategories/085.goat/085_0098.jpg,085
./256_ObjectCategories/085.goat/085_0087.jpg,085
./256_ObjectCategories/085.goat/085_0030.jpg,085
./256_ObjectCategories/085.goat/085_0052.jpg,085
./256_ObjectCategories/085.goat/085_0106.jpg,085
./256_ObjectCategories/085.goat/085_0023.jpg,085
./256_ObjectCategories/085.goat/085_0009.jpg,085
./256_ObjectCategories/085.goat/085_0042.jpg,085
./256_ObjectCategories/085.goat/085_0032.jpg,085
./256_ObjectCategories/085.goat/085_0012.jpg,085
./256_ObjectCategories/085.goat/085_0090.jpg,085
./256_ObjectCategories/085.goat/085_0062.jpg,085
./256_ObjectCategories/085.goat/085_0069.jpg,085
./256_ObjectCategories/085.goat/085_0013.jpg,085
./256_ObjectCategories/085.goat/085_0046.jpg,085
./256_ObjectCategories/085.goat/085_0075.jpg,085
./256_ObjectCategories/085.goat/085_0089.jpg,085
./256_ObjectCategories/085.goat/085_0010.jpg,085
./256_ObjectCategories/085.goat/085_0002.jpg,085
./256_ObjectCategories/085.goat/085_0007.jpg,085
./256_ObjectCategories/085.goat/085_0038.jpg,085
./256_ObjectCategories/085.goat/085_0082.jpg,085
./256_ObjectCategories/085.goat/085_0025.jpg,085
./256_ObjectCategories/085.goat/085_0056.jpg,085
./256_ObjectCategories/085.goat/085_0109.jpg,085
./256_ObjectCategories/085.goat/085_0059.jpg,085
./256_ObjectCategories/085.goat/085_0111.jpg,085
./256_ObjectCategories/085.goat/085_0008.jpg,085
./256_ObjectCategories/085.goat/085_0070.jpg,085
./256_ObjectCategories/085.goat/085_0108.jpg,085
./256_ObjectCategories/085.goat/085_0093.jpg,085
./256_ObjectCategories/085.goat/085_0084.jpg,085
./256_ObjectCategories/085.goat/085_0031.jpg,085
./256_ObjectCategories/085.goat/085_0022.jpg,085
./256_ObjectCategories/085.goat/085_0064.jpg,085
./256_ObjectCategories/085.goat/085_0067.jpg,085
./256_ObjectCategories/085.goat/085_0080.jpg,085
./256_ObjectCategories/085.goat/085_0065.jpg,085
./256_ObjectCategories/085.goat/085_0011.jpg,085
./256_ObjectCategories/085.goat/085_0078.jpg,085
./256_ObjectCategories/085.goat/085_0029.jpg,085
./256_ObjectCategories/085.goat/085_0043.jpg,085
./256_ObjectCategories/085.goat/085_0073.jpg,085
./256_ObjectCategories/085.goat/085_0058.jpg,085
./256_ObjectCategories/085.goat/085_0110.jpg,085
./256_ObjectCategories/085.goat/085_0077.jpg,085
./256_ObjectCategories/085.goat/085_0005.jpg,085
./256_ObjectCategories/085.goat/085_0100.jpg,085
./256_ObjectCategories/085.goat/085_0033.jpg,085
./256_ObjectCategories/078.fried-egg/078_0039.jpg,078
./256_ObjectCategories/078.fried-egg/078_0080.jpg,078
./256_ObjectCategories/078.fried-egg/078_0069.jpg,078
./256_ObjectCategories/078.fried-egg/078_0055.jpg,078
./256_ObjectCategories/078.fried-egg/078_0007.jpg,078
./256_ObjectCategories/078.fried-egg/078_0014.jpg,078
./256_ObjectCategories/078.fried-egg/078_0024.jpg,078
./256_ObjectCategories/078.fried-egg/078_0017.jpg,078
./256_ObjectCategories/078.fried-egg/078_0006.jpg,078
./256_ObjectCategories/078.fried-egg/078_0046.jpg,078
./256_ObjectCategories/078.fried-egg/078_0025.jpg,078
./256_ObjectCategories/078.fried-egg/078_0073.jpg,078
./256_ObjectCategories/078.fried-egg/078_0085.jpg,078
./256_ObjectCategories/078.fried-egg/078_0044.jpg,078
./256_ObjectCategories/078.fried-egg/078_0054.jpg,078
./256_ObjectCategories/078.fried-egg/078_0020.jpg,078
./256_ObjectCategories/078.fried-egg/078_0040.jpg,078
./256_ObjectCategories/078.fried-egg/078_0078.jpg,078
./256_ObjectCategories/078.fried-egg/078_0008.jpg,078
./256_ObjectCategories/078.fried-egg/078_0031.jpg,078
./256_ObjectCategories/078.fried-egg/078_0086.jpg,078
./256_ObjectCategories/078.fried-egg/078_0051.jpg,078
./256_ObjectCategories/078.fried-egg/078_0058.jpg,078
./256_ObjectCategories/078.fried-egg/078_0082.jpg,078
./256_ObjectCategories/078.fried-egg/078_0010.jpg,078
./256_ObjectCategories/078.fried-egg/078_0030.jpg,078
./256_ObjectCategories/078.fried-egg/078_0016.jpg,078
./256_ObjectCategories/078.fried-egg/078_0067.jpg,078
./256_ObjectCategories/078.fried-egg/078_0090.jpg,078
./256_ObjectCategories/078.fried-egg/078_0002.jpg,078
./256_ObjectCategories/078.fried-egg/078_0019.jpg,078
./256_ObjectCategories/078.fried-egg/078_0009.jpg,078
./256_ObjectCategories/078.fried-egg/078_0018.jpg,078
./256_ObjectCategories/078.fried-egg/078_0041.jpg,078
./256_ObjectCategories/078.fried-egg/078_0036.jpg,078
./256_ObjectCategories/078.fried-egg/078_0037.jpg,078
./256_ObjectCategories/078.fried-egg/078_0052.jpg,078
./256_ObjectCategories/078.fried-egg/078_0048.jpg,078
./256_ObjectCategories/078.fried-egg/078_0012.jpg,078
./256_ObjectCategories/078.fried-egg/078_0081.jpg,078
./256_ObjectCategories/078.fried-egg/078_0045.jpg,078
./256_ObjectCategories/078.fried-egg/078_0026.jpg,078
./256_ObjectCategories/078.fried-egg/078_0033.jpg,078
./256_ObjectCategories/078.fried-egg/078_0061.jpg,078
./256_ObjectCategories/078.fried-egg/078_0068.jpg,078
./256_ObjectCategories/078.fried-egg/078_0074.jpg,078
./256_ObjectCategories/078.fried-egg/078_0077.jpg,078
./256_ObjectCategories/078.fried-egg/078_0056.jpg,078
./256_ObjectCategories/078.fried-egg/078_0088.jpg,078
./256_ObjectCategories/078.fried-egg/078_0076.jpg,078
./256_ObjectCategories/078.fried-egg/078_0063.jpg,078
./256_ObjectCategories/070.fire-extinguisher/070_0021.jpg,070
./256_ObjectCategories/070.fire-extinguisher/070_0020.jpg,070
./256_ObjectCategories/070.fire-extinguisher/070_0063.jpg,070
./256_ObjectCategories/070.fire-extinguisher/070_0060.jpg,070
./256_ObjectCategories/070.fire-extinguisher/070_0018.jpg,070
./256_ObjectCategories/070.fire-extinguisher/070_0005.jpg,070
./256_ObjectCategories/070.fire-extinguisher/070_0010.jpg,070
./256_ObjectCategories/070.fire-extinguisher/070_0002.jpg,070
./256_ObjectCategories/070.fire-extinguisher/070_0017.jpg,070
./256_ObjectCategories/070.fire-extinguisher/070_0059.jpg,070
./256_ObjectCategories/070.fire-extinguisher/070_0057.jpg,070
./256_ObjectCategories/070.fire-extinguisher/070_0034.jpg,070
./256_ObjectCategories/070.fire-extinguisher/070_0015.jpg,070
./256_ObjectCategories/070.fire-extinguisher/070_0058.jpg,070
./256_ObjectCategories/070.fire-extinguisher/070_0052.jpg,070
./256_ObjectCategories/070.fire-extinguisher/070_0032.jpg,070
./256_ObjectCategories/070.fire-extinguisher/070_0079.jpg,070
./256_ObjectCategories/070.fire-extinguisher/070_0028.jpg,070
./256_ObjectCategories/070.fire-extinguisher/070_0041.jpg,070
./256_ObjectCategories/070.fire-extinguisher/070_0022.jpg,070
./256_ObjectCategories/070.fire-extinguisher/070_0051.jpg,070
./256_ObjectCategories/070.fire-extinguisher/070_0004.jpg,070
./256_ObjectCategories/070.fire-extinguisher/070_0014.jpg,070
./256_ObjectCategories/070.fire-extinguisher/070_0080.jpg,070
./256_ObjectCategories/070.fire-extinguisher/070_0066.jpg,070
./256_ObjectCategories/070.fire-extinguisher/070_0039.jpg,070
./256_ObjectCategories/070.fire-extinguisher/070_0062.jpg,070
./256_ObjectCategories/070.fire-extinguisher/070_0048.jpg,070
./256_ObjectCategories/070.fire-extinguisher/070_0012.jpg,070
./256_ObjectCategories/070.fire-extinguisher/070_0044.jpg,070
./256_ObjectCategories/070.fire-extinguisher/070_0001.jpg,070
./256_ObjectCategories/070.fire-extinguisher/070_0042.jpg,070
./256_ObjectCategories/070.fire-extinguisher/070_0055.jpg,070
./256_ObjectCategories/070.fire-extinguisher/070_0008.jpg,070
./256_ObjectCategories/070.fire-extinguisher/070_0065.jpg,070
./256_ObjectCategories/070.fire-extinguisher/070_0081.jpg,070
./256_ObjectCategories/070.fire-extinguisher/070_0073.jpg,070
./256_ObjectCategories/070.fire-extinguisher/070_0045.jpg,070
./256_ObjectCategories/070.fire-extinguisher/070_0025.jpg,070
./256_ObjectCategories/070.fire-extinguisher/070_0050.jpg,070
./256_ObjectCategories/070.fire-extinguisher/070_0024.jpg,070
./256_ObjectCategories/070.fire-extinguisher/070_0074.jpg,070
./256_ObjectCategories/070.fire-extinguisher/070_0009.jpg,070
./256_ObjectCategories/070.fire-extinguisher/070_0006.jpg,070
./256_ObjectCategories/070.fire-extinguisher/070_0068.jpg,070
./256_ObjectCategories/070.fire-extinguisher/070_0016.jpg,070
./256_ObjectCategories/070.fire-extinguisher/070_0030.jpg,070
./256_ObjectCategories/070.fire-extinguisher/070_0067.jpg,070
./256_ObjectCategories/070.fire-extinguisher/070_0043.jpg,070
./256_ObjectCategories/070.fire-extinguisher/070_0040.jpg,070
./256_ObjectCategories/070.fire-extinguisher/070_0046.jpg,070
./256_ObjectCategories/174.rotary-phone/174_0038.jpg,174
./256_ObjectCategories/174.rotary-phone/174_0045.jpg,174
./256_ObjectCategories/174.rotary-phone/174_0076.jpg,174
./256_ObjectCategories/174.rotary-phone/174_0033.jpg,174
./256_ObjectCategories/174.rotary-phone/174_0032.jpg,174
./256_ObjectCategories/174.rotary-phone/174_0084.jpg,174
./256_ObjectCategories/174.rotary-phone/174_0046.jpg,174
./256_ObjectCategories/174.rotary-phone/174_0031.jpg,174
./256_ObjectCategories/174.rotary-phone/174_0042.jpg,174
./256_ObjectCategories/174.rotary-phone/174_0017.jpg,174
./256_ObjectCategories/174.rotary-phone/174_0064.jpg,174
./256_ObjectCategories/174.rotary-phone/174_0083.jpg,174
./256_ObjectCategories/174.rotary-phone/174_0082.jpg,174
./256_ObjectCategories/174.rotary-phone/174_0025.jpg,174
./256_ObjectCategories/174.rotary-phone/174_0005.jpg,174
./256_ObjectCategories/174.rotary-phone/174_0041.jpg,174
./256_ObjectCategories/174.rotary-phone/174_0052.jpg,174
./256_ObjectCategories/174.rotary-phone/174_0062.jpg,174
./256_ObjectCategories/174.rotary-phone/174_0060.jpg,174
./256_ObjectCategories/174.rotary-phone/174_0016.jpg,174
./256_ObjectCategories/174.rotary-phone/174_0003.jpg,174
./256_ObjectCategories/174.rotary-phone/174_0056.jpg,174
./256_ObjectCategories/174.rotary-phone/174_0072.jpg,174
./256_ObjectCategories/174.rotary-phone/174_0035.jpg,174
./256_ObjectCategories/174.rotary-phone/174_0080.jpg,174
./256_ObjectCategories/174.rotary-phone/174_0073.jpg,174
./256_ObjectCategories/174.rotary-phone/174_0027.jpg,174
./256_ObjectCategories/174.rotary-phone/174_0067.jpg,174
./256_ObjectCategories/174.rotary-phone/174_0029.jpg,174
./256_ObjectCategories/174.rotary-phone/174_0049.jpg,174
./256_ObjectCategories/174.rotary-phone/174_0081.jpg,174
./256_ObjectCategories/174.rotary-phone/174_0008.jpg,174
./256_ObjectCategories/174.rotary-phone/174_0065.jpg,174
./256_ObjectCategories/174.rotary-phone/174_0075.jpg,174
./256_ObjectCategories/174.rotary-phone/174_0013.jpg,174
./256_ObjectCategories/174.rotary-phone/174_0069.jpg,174
./256_ObjectCategories/174.rotary-phone/174_0048.jpg,174
./256_ObjectCategories/174.rotary-phone/174_0034.jpg,174
./256_ObjectCategories/174.rotary-phone/174_0039.jpg,174
./256_ObjectCategories/174.rotary-phone/174_0030.jpg,174
./256_ObjectCategories/174.rotary-phone/174_0068.jpg,174
./256_ObjectCategories/174.rotary-phone/174_0006.jpg,174
./256_ObjectCategories/174.rotary-phone/174_0074.jpg,174
./256_ObjectCategories/174.rotary-phone/174_0071.jpg,174
./256_ObjectCategories/174.rotary-phone/174_0054.jpg,174
./256_ObjectCategories/174.rotary-phone/174_0028.jpg,174
./256_ObjectCategories/174.rotary-phone/174_0001.jpg,174
./256_ObjectCategories/174.rotary-phone/174_0063.jpg,174
./256_ObjectCategories/174.rotary-phone/174_0044.jpg,174
./256_ObjectCategories/174.rotary-phone/174_0019.jpg,174
./256_ObjectCategories/174.rotary-phone/174_0023.jpg,174
./256_ObjectCategories/062.eiffel-tower/062_0057.jpg,062
./256_ObjectCategories/062.eiffel-tower/062_0021.jpg,062
./256_ObjectCategories/062.eiffel-tower/062_0065.jpg,062
./256_ObjectCategories/062.eiffel-tower/062_0012.jpg,062
./256_ObjectCategories/062.eiffel-tower/062_0059.jpg,062
./256_ObjectCategories/062.eiffel-tower/062_0040.jpg,062
./256_ObjectCategories/062.eiffel-tower/062_0010.jpg,062
./256_ObjectCategories/062.eiffel-tower/062_0058.jpg,062
./256_ObjectCategories/062.eiffel-tower/062_0013.jpg,062
./256_ObjectCategories/062.eiffel-tower/062_0019.jpg,062
./256_ObjectCategories/062.eiffel-tower/062_0080.jpg,062
./256_ObjectCategories/062.eiffel-tower/062_0041.jpg,062
./256_ObjectCategories/062.eiffel-tower/062_0079.jpg,062
./256_ObjectCategories/062.eiffel-tower/062_0071.jpg,062
./256_ObjectCategories/062.eiffel-tower/062_0070.jpg,062
./256_ObjectCategories/062.eiffel-tower/062_0067.jpg,062
./256_ObjectCategories/062.eiffel-tower/062_0022.jpg,062
./256_ObjectCategories/062.eiffel-tower/062_0082.jpg,062
./256_ObjectCategories/062.eiffel-tower/062_0083.jpg,062
./256_ObjectCategories/062.eiffel-tower/062_0024.jpg,062
./256_ObjectCategories/062.eiffel-tower/062_0036.jpg,062
./256_ObjectCategories/062.eiffel-tower/062_0038.jpg,062
./256_ObjectCategories/062.eiffel-tower/062_0051.jpg,062
./256_ObjectCategories/062.eiffel-tower/062_0039.jpg,062
./256_ObjectCategories/062.eiffel-tower/062_0029.jpg,062
./256_ObjectCategories/062.eiffel-tower/062_0064.jpg,062
./256_ObjectCategories/062.eiffel-tower/062_0077.jpg,062
./256_ObjectCategories/062.eiffel-tower/062_0003.jpg,062
./256_ObjectCategories/062.eiffel-tower/062_0014.jpg,062
./256_ObjectCategories/062.eiffel-tower/062_0017.jpg,062
./256_ObjectCategories/062.eiffel-tower/062_0052.jpg,062
./256_ObjectCategories/062.eiffel-tower/062_0043.jpg,062
./256_ObjectCategories/062.eiffel-tower/062_0001.jpg,062
./256_ObjectCategories/062.eiffel-tower/062_0018.jpg,062
./256_ObjectCategories/062.eiffel-tower/062_0007.jpg,062
./256_ObjectCategories/062.eiffel-tower/062_0002.jpg,062
./256_ObjectCategories/062.eiffel-tower/062_0076.jpg,062
./256_ObjectCategories/062.eiffel-tower/062_0028.jpg,062
./256_ObjectCategories/062.eiffel-tower/062_0030.jpg,062
./256_ObjectCategories/062.eiffel-tower/062_0062.jpg,062
./256_ObjectCategories/062.eiffel-tower/062_0031.jpg,062
./256_ObjectCategories/062.eiffel-tower/062_0032.jpg,062
./256_ObjectCategories/062.eiffel-tower/062_0054.jpg,062
./256_ObjectCategories/062.eiffel-tower/062_0004.jpg,062
./256_ObjectCategories/062.eiffel-tower/062_0074.jpg,062
./256_ObjectCategories/062.eiffel-tower/062_0066.jpg,062
./256_ObjectCategories/062.eiffel-tower/062_0016.jpg,062
./256_ObjectCategories/062.eiffel-tower/062_0027.jpg,062
./256_ObjectCategories/062.eiffel-tower/062_0005.jpg,062
./256_ObjectCategories/062.eiffel-tower/062_0033.jpg,062
./256_ObjectCategories/062.eiffel-tower/062_0025.jpg,062
./256_ObjectCategories/241.waterfall/241_0042.jpg,241
./256_ObjectCategories/241.waterfall/241_0041.jpg,241
./256_ObjectCategories/241.waterfall/241_0052.jpg,241
./256_ObjectCategories/241.waterfall/241_0033.jpg,241
./256_ObjectCategories/241.waterfall/241_0093.jpg,241
./256_ObjectCategories/241.waterfall/241_0015.jpg,241
./256_ObjectCategories/241.waterfall/241_0069.jpg,241
./256_ObjectCategories/241.waterfall/241_0016.jpg,241
./256_ObjectCategories/241.waterfall/241_0088.jpg,241
./256_ObjectCategories/241.waterfall/241_0040.jpg,241
./256_ObjectCategories/241.waterfall/241_0089.jpg,241
./256_ObjectCategories/241.waterfall/241_0012.jpg,241
./256_ObjectCategories/241.waterfall/241_0095.jpg,241
./256_ObjectCategories/241.waterfall/241_0032.jpg,241
./256_ObjectCategories/241.waterfall/241_0076.jpg,241
./256_ObjectCategories/241.waterfall/241_0078.jpg,241
./256_ObjectCategories/241.waterfall/241_0035.jpg,241
./256_ObjectCategories/241.waterfall/241_0018.jpg,241
./256_ObjectCategories/241.waterfall/241_0001.jpg,241
./256_ObjectCategories/241.waterfall/241_0065.jpg,241
./256_ObjectCategories/241.waterfall/241_0085.jpg,241
./256_ObjectCategories/241.waterfall/241_0053.jpg,241
./256_ObjectCategories/241.waterfall/241_0027.jpg,241
./256_ObjectCategories/241.waterfall/241_0014.jpg,241
./256_ObjectCategories/241.waterfall/241_0037.jpg,241
./256_ObjectCategories/241.waterfall/241_0075.jpg,241
./256_ObjectCategories/241.waterfall/241_0063.jpg,241
./256_ObjectCategories/241.waterfall/241_0081.jpg,241
./256_ObjectCategories/241.waterfall/241_0048.jpg,241
./256_ObjectCategories/241.waterfall/241_0055.jpg,241
./256_ObjectCategories/241.waterfall/241_0025.jpg,241
./256_ObjectCategories/241.waterfall/241_0013.jpg,241
./256_ObjectCategories/241.waterfall/241_0060.jpg,241
./256_ObjectCategories/241.waterfall/241_0064.jpg,241
./256_ObjectCategories/241.waterfall/241_0021.jpg,241
./256_ObjectCategories/241.waterfall/241_0086.jpg,241
./256_ObjectCategories/241.waterfall/241_0079.jpg,241
./256_ObjectCategories/241.waterfall/241_0080.jpg,241
./256_ObjectCategories/241.waterfall/241_0011.jpg,241
./256_ObjectCategories/241.waterfall/241_0008.jpg,241
./256_ObjectCategories/241.waterfall/241_0092.jpg,241
./256_ObjectCategories/241.waterfall/241_0010.jpg,241
./256_ObjectCategories/241.waterfall/241_0005.jpg,241
./256_ObjectCategories/241.waterfall/241_0056.jpg,241
./256_ObjectCategories/241.waterfall/241_0003.jpg,241
./256_ObjectCategories/241.waterfall/241_0090.jpg,241
./256_ObjectCategories/241.waterfall/241_0091.jpg,241
./256_ObjectCategories/241.waterfall/241_0039.jpg,241
./256_ObjectCategories/241.waterfall/241_0047.jpg,241
./256_ObjectCategories/241.waterfall/241_0062.jpg,241
./256_ObjectCategories/241.waterfall/241_0007.jpg,241
./256_ObjectCategories/212.teapot/212_0100.jpg,212
./256_ObjectCategories/212.teapot/212_0083.jpg,212
./256_ObjectCategories/212.teapot/212_0075.jpg,212
./256_ObjectCategories/212.teapot/212_0002.jpg,212
./256_ObjectCategories/212.teapot/212_0101.jpg,212
./256_ObjectCategories/212.teapot/212_0016.jpg,212
./256_ObjectCategories/212.teapot/212_0135.jpg,212
./256_ObjectCategories/212.teapot/212_0095.jpg,212
./256_ObjectCategories/212.teapot/212_0009.jpg,212
./256_ObjectCategories/212.teapot/212_0074.jpg,212
./256_ObjectCategories/212.teapot/212_0123.jpg,212
./256_ObjectCategories/212.teapot/212_0001.jpg,212
./256_ObjectCategories/212.teapot/212_0117.jpg,212
./256_ObjectCategories/212.teapot/212_0121.jpg,212
./256_ObjectCategories/212.teapot/212_0077.jpg,212
./256_ObjectCategories/212.teapot/212_0051.jpg,212
./256_ObjectCategories/212.teapot/212_0093.jpg,212
./256_ObjectCategories/212.teapot/212_0062.jpg,212
./256_ObjectCategories/212.teapot/212_0125.jpg,212
./256_ObjectCategories/212.teapot/212_0035.jpg,212
./256_ObjectCategories/212.teapot/212_0032.jpg,212
./256_ObjectCategories/212.teapot/212_0132.jpg,212
./256_ObjectCategories/212.teapot/212_0056.jpg,212
./256_ObjectCategories/212.teapot/212_0080.jpg,212
./256_ObjectCategories/212.teapot/212_0025.jpg,212
./256_ObjectCategories/212.teapot/212_0037.jpg,212
./256_ObjectCategories/212.teapot/212_0040.jpg,212
./256_ObjectCategories/212.teapot/212_0005.jpg,212
./256_ObjectCategories/212.teapot/212_0124.jpg,212
./256_ObjectCategories/212.teapot/212_0039.jpg,212
./256_ObjectCategories/212.teapot/212_0008.jpg,212
./256_ObjectCategories/212.teapot/212_0007.jpg,212
./256_ObjectCategories/212.teapot/212_0029.jpg,212
./256_ObjectCategories/212.teapot/212_0086.jpg,212
./256_ObjectCategories/212.teapot/212_0073.jpg,212
./256_ObjectCategories/212.teapot/212_0015.jpg,212
./256_ObjectCategories/212.teapot/212_0003.jpg,212
./256_ObjectCategories/212.teapot/212_0079.jpg,212
./256_ObjectCategories/212.teapot/212_0089.jpg,212
./256_ObjectCategories/212.teapot/212_0094.jpg,212
./256_ObjectCategories/212.teapot/212_0048.jpg,212
./256_ObjectCategories/212.teapot/212_0021.jpg,212
./256_ObjectCategories/212.teapot/212_0131.jpg,212
./256_ObjectCategories/212.teapot/212_0078.jpg,212
./256_ObjectCategories/212.teapot/212_0134.jpg,212
./256_ObjectCategories/212.teapot/212_0017.jpg,212
./256_ObjectCategories/212.teapot/212_0066.jpg,212
./256_ObjectCategories/212.teapot/212_0042.jpg,212
./256_ObjectCategories/212.teapot/212_0129.jpg,212
./256_ObjectCategories/212.teapot/212_0049.jpg,212
./256_ObjectCategories/212.teapot/212_0114.jpg,212
./256_ObjectCategories/068.fern/068_0034.jpg,068
./256_ObjectCategories/068.fern/068_0059.jpg,068
./256_ObjectCategories/068.fern/068_0093.jpg,068
./256_ObjectCategories/068.fern/068_0053.jpg,068
./256_ObjectCategories/068.fern/068_0029.jpg,068
./256_ObjectCategories/068.fern/068_0070.jpg,068
./256_ObjectCategories/068.fern/068_0079.jpg,068
./256_ObjectCategories/068.fern/068_0025.jpg,068
./256_ObjectCategories/068.fern/068_0037.jpg,068
./256_ObjectCategories/068.fern/068_0043.jpg,068
./256_ObjectCategories/068.fern/068_0048.jpg,068
./256_ObjectCategories/068.fern/068_0082.jpg,068
./256_ObjectCategories/068.fern/068_0005.jpg,068
./256_ObjectCategories/068.fern/068_0090.jpg,068
./256_ObjectCategories/068.fern/068_0068.jpg,068
./256_ObjectCategories/068.fern/068_0056.jpg,068
./256_ObjectCategories/068.fern/068_0010.jpg,068
./256_ObjectCategories/068.fern/068_0100.jpg,068
./256_ObjectCategories/068.fern/068_0101.jpg,068
./256_ObjectCategories/068.fern/068_0071.jpg,068
./256_ObjectCategories/068.fern/068_0105.jpg,068
./256_ObjectCategories/068.fern/068_0001.jpg,068
./256_ObjectCategories/068.fern/068_0032.jpg,068
./256_ObjectCategories/068.fern/068_0064.jpg,068
./256_ObjectCategories/068.fern/068_0015.jpg,068
./256_ObjectCategories/068.fern/068_0022.jpg,068
./256_ObjectCategories/068.fern/068_0051.jpg,068
./256_ObjectCategories/068.fern/068_0077.jpg,068
./256_ObjectCategories/068.fern/068_0074.jpg,068
./256_ObjectCategories/068.fern/068_0084.jpg,068
./256_ObjectCategories/068.fern/068_0039.jpg,068
./256_ObjectCategories/068.fern/068_0036.jpg,068
./256_ObjectCategories/068.fern/068_0027.jpg,068
./256_ObjectCategories/068.fern/068_0012.jpg,068
./256_ObjectCategories/068.fern/068_0065.jpg,068
./256_ObjectCategories/068.fern/068_0108.jpg,068
./256_ObjectCategories/068.fern/068_0109.jpg,068
./256_ObjectCategories/068.fern/068_0089.jpg,068
./256_ObjectCategories/068.fern/068_0028.jpg,068
./256_ObjectCategories/068.fern/068_0106.jpg,068
./256_ObjectCategories/068.fern/068_0107.jpg,068
./256_ObjectCategories/068.fern/068_0017.jpg,068
./256_ObjectCategories/068.fern/068_0009.jpg,068
./256_ObjectCategories/068.fern/068_0102.jpg,068
./256_ObjectCategories/068.fern/068_0095.jpg,068
./256_ObjectCategories/068.fern/068_0041.jpg,068
./256_ObjectCategories/068.fern/068_0104.jpg,068
./256_ObjectCategories/068.fern/068_0003.jpg,068
./256_ObjectCategories/068.fern/068_0004.jpg,068
./256_ObjectCategories/068.fern/068_0007.jpg,068
./256_ObjectCategories/068.fern/068_0052.jpg,068
./256_ObjectCategories/246.wine-bottle/246_0096.jpg,246
./256_ObjectCategories/246.wine-bottle/246_0071.jpg,246
./256_ObjectCategories/246.wine-bottle/246_0034.jpg,246
./256_ObjectCategories/246.wine-bottle/246_0076.jpg,246
./256_ObjectCategories/246.wine-bottle/246_0064.jpg,246
./256_ObjectCategories/246.wine-bottle/246_0061.jpg,246
./256_ObjectCategories/246.wine-bottle/246_0069.jpg,246
./256_ObjectCategories/246.wine-bottle/246_0015.jpg,246
./256_ObjectCategories/246.wine-bottle/246_0081.jpg,246
./256_ObjectCategories/246.wine-bottle/246_0078.jpg,246
./256_ObjectCategories/246.wine-bottle/246_0085.jpg,246
./256_ObjectCategories/246.wine-bottle/246_0059.jpg,246
./256_ObjectCategories/246.wine-bottle/246_0087.jpg,246
./256_ObjectCategories/246.wine-bottle/246_0016.jpg,246
./256_ObjectCategories/246.wine-bottle/246_0041.jpg,246
./256_ObjectCategories/246.wine-bottle/246_0011.jpg,246
./256_ObjectCategories/246.wine-bottle/246_0050.jpg,246
./256_ObjectCategories/246.wine-bottle/246_0038.jpg,246
./256_ObjectCategories/246.wine-bottle/246_0024.jpg,246
./256_ObjectCategories/246.wine-bottle/246_0070.jpg,246
./256_ObjectCategories/246.wine-bottle/246_0002.jpg,246
./256_ObjectCategories/246.wine-bottle/246_0025.jpg,246
./256_ObjectCategories/246.wine-bottle/246_0020.jpg,246
./256_ObjectCategories/246.wine-bottle/246_0067.jpg,246
./256_ObjectCategories/246.wine-bottle/246_0073.jpg,246
./256_ObjectCategories/246.wine-bottle/246_0031.jpg,246
./256_ObjectCategories/246.wine-bottle/246_0040.jpg,246
./256_ObjectCategories/246.wine-bottle/246_0055.jpg,246
./256_ObjectCategories/246.wine-bottle/246_0097.jpg,246
./256_ObjectCategories/246.wine-bottle/246_0008.jpg,246
./256_ObjectCategories/246.wine-bottle/246_0026.jpg,246
./256_ObjectCategories/246.wine-bottle/246_0093.jpg,246
./256_ObjectCategories/246.wine-bottle/246_0082.jpg,246
./256_ObjectCategories/246.wine-bottle/246_0005.jpg,246
./256_ObjectCategories/246.wine-bottle/246_0056.jpg,246
./256_ObjectCategories/246.wine-bottle/246_0007.jpg,246
./256_ObjectCategories/246.wine-bottle/246_0072.jpg,246
./256_ObjectCategories/246.wine-bottle/246_0001.jpg,246
./256_ObjectCategories/246.wine-bottle/246_0009.jpg,246
./256_ObjectCategories/246.wine-bottle/246_0018.jpg,246
./256_ObjectCategories/246.wine-bottle/246_0077.jpg,246
./256_ObjectCategories/246.wine-bottle/246_0022.jpg,246
./256_ObjectCategories/246.wine-bottle/246_0037.jpg,246
./256_ObjectCategories/246.wine-bottle/246_0068.jpg,246
./256_ObjectCategories/246.wine-bottle/246_0036.jpg,246
./256_ObjectCategories/246.wine-bottle/246_0091.jpg,246
./256_ObjectCategories/246.wine-bottle/246_0062.jpg,246
./256_ObjectCategories/246.wine-bottle/246_0033.jpg,246
./256_ObjectCategories/246.wine-bottle/246_0042.jpg,246
./256_ObjectCategories/246.wine-bottle/246_0086.jpg,246
./256_ObjectCategories/246.wine-bottle/246_0099.jpg,246
./256_ObjectCategories/165.pram/165_0048.jpg,165
./256_ObjectCategories/165.pram/165_0046.jpg,165
./256_ObjectCategories/165.pram/165_0045.jpg,165
./256_ObjectCategories/165.pram/165_0011.jpg,165
./256_ObjectCategories/165.pram/165_0076.jpg,165
./256_ObjectCategories/165.pram/165_0083.jpg,165
./256_ObjectCategories/165.pram/165_0029.jpg,165
./256_ObjectCategories/165.pram/165_0001.jpg,165
./256_ObjectCategories/165.pram/165_0052.jpg,165
./256_ObjectCategories/165.pram/165_0026.jpg,165
./256_ObjectCategories/165.pram/165_0032.jpg,165
./256_ObjectCategories/165.pram/165_0027.jpg,165
./256_ObjectCategories/165.pram/165_0050.jpg,165
./256_ObjectCategories/165.pram/165_0053.jpg,165
./256_ObjectCategories/165.pram/165_0062.jpg,165
./256_ObjectCategories/165.pram/165_0065.jpg,165
./256_ObjectCategories/165.pram/165_0075.jpg,165
./256_ObjectCategories/165.pram/165_0080.jpg,165
./256_ObjectCategories/165.pram/165_0042.jpg,165
./256_ObjectCategories/165.pram/165_0047.jpg,165
./256_ObjectCategories/165.pram/165_0040.jpg,165
./256_ObjectCategories/165.pram/165_0035.jpg,165
./256_ObjectCategories/165.pram/165_0067.jpg,165
./256_ObjectCategories/165.pram/165_0079.jpg,165
./256_ObjectCategories/165.pram/165_0025.jpg,165
./256_ObjectCategories/165.pram/165_0061.jpg,165
./256_ObjectCategories/165.pram/165_0077.jpg,165
./256_ObjectCategories/165.pram/165_0085.jpg,165
./256_ObjectCategories/165.pram/165_0013.jpg,165
./256_ObjectCategories/165.pram/165_0059.jpg,165
./256_ObjectCategories/165.pram/165_0084.jpg,165
./256_ObjectCategories/165.pram/165_0033.jpg,165
./256_ObjectCategories/165.pram/165_0063.jpg,165
./256_ObjectCategories/165.pram/165_0054.jpg,165
./256_ObjectCategories/165.pram/165_0072.jpg,165
./256_ObjectCategories/165.pram/165_0007.jpg,165
./256_ObjectCategories/165.pram/165_0019.jpg,165
./256_ObjectCategories/165.pram/165_0009.jpg,165
./256_ObjectCategories/165.pram/165_0071.jpg,165
./256_ObjectCategories/165.pram/165_0015.jpg,165
./256_ObjectCategories/165.pram/165_0068.jpg,165
./256_ObjectCategories/165.pram/165_0041.jpg,165
./256_ObjectCategories/165.pram/165_0016.jpg,165
./256_ObjectCategories/165.pram/165_0003.jpg,165
./256_ObjectCategories/165.pram/165_0031.jpg,165
./256_ObjectCategories/165.pram/165_0037.jpg,165
./256_ObjectCategories/165.pram/165_0066.jpg,165
./256_ObjectCategories/165.pram/165_0008.jpg,165
./256_ObjectCategories/165.pram/165_0017.jpg,165
./256_ObjectCategories/165.pram/165_0022.jpg,165
./256_ObjectCategories/165.pram/165_0020.jpg,165
./256_ObjectCategories/177.saturn/177_0028.jpg,177
./256_ObjectCategories/177.saturn/177_0040.jpg,177
./256_ObjectCategories/177.saturn/177_0059.jpg,177
./256_ObjectCategories/177.saturn/177_0027.jpg,177
./256_ObjectCategories/177.saturn/177_0081.jpg,177
./256_ObjectCategories/177.saturn/177_0076.jpg,177
./256_ObjectCategories/177.saturn/177_0033.jpg,177
./256_ObjectCategories/177.saturn/177_0010.jpg,177
./256_ObjectCategories/177.saturn/177_0087.jpg,177
./256_ObjectCategories/177.saturn/177_0017.jpg,177
./256_ObjectCategories/177.saturn/177_0030.jpg,177
./256_ObjectCategories/177.saturn/177_0089.jpg,177
./256_ObjectCategories/177.saturn/177_0019.jpg,177
./256_ObjectCategories/177.saturn/177_0063.jpg,177
./256_ObjectCategories/177.saturn/177_0060.jpg,177
./256_ObjectCategories/177.saturn/177_0042.jpg,177
./256_ObjectCategories/177.saturn/177_0070.jpg,177
./256_ObjectCategories/177.saturn/177_0075.jpg,177
./256_ObjectCategories/177.saturn/177_0088.jpg,177
./256_ObjectCategories/177.saturn/177_0023.jpg,177
./256_ObjectCategories/177.saturn/177_0064.jpg,177
./256_ObjectCategories/177.saturn/177_0002.jpg,177
./256_ObjectCategories/177.saturn/177_0091.jpg,177
./256_ObjectCategories/177.saturn/177_0074.jpg,177
./256_ObjectCategories/177.saturn/177_0062.jpg,177
./256_ObjectCategories/177.saturn/177_0005.jpg,177
./256_ObjectCategories/177.saturn/177_0012.jpg,177
./256_ObjectCategories/177.saturn/177_0051.jpg,177
./256_ObjectCategories/177.saturn/177_0046.jpg,177
./256_ObjectCategories/177.saturn/177_0090.jpg,177
./256_ObjectCategories/177.saturn/177_0067.jpg,177
./256_ObjectCategories/177.saturn/177_0001.jpg,177
./256_ObjectCategories/177.saturn/177_0035.jpg,177
./256_ObjectCategories/177.saturn/177_0024.jpg,177
./256_ObjectCategories/177.saturn/177_0016.jpg,177
./256_ObjectCategories/177.saturn/177_0026.jpg,177
./256_ObjectCategories/177.saturn/177_0032.jpg,177
./256_ObjectCategories/177.saturn/177_0077.jpg,177
./256_ObjectCategories/177.saturn/177_0022.jpg,177
./256_ObjectCategories/177.saturn/177_0004.jpg,177
./256_ObjectCategories/177.saturn/177_0039.jpg,177
./256_ObjectCategories/177.saturn/177_0041.jpg,177
./256_ObjectCategories/177.saturn/177_0053.jpg,177
./256_ObjectCategories/177.saturn/177_0083.jpg,177
./256_ObjectCategories/177.saturn/177_0061.jpg,177
./256_ObjectCategories/177.saturn/177_0045.jpg,177
./256_ObjectCategories/177.saturn/177_0015.jpg,177
./256_ObjectCategories/177.saturn/177_0094.jpg,177
./256_ObjectCategories/177.saturn/177_0048.jpg,177
./256_ObjectCategories/177.saturn/177_0006.jpg,177
./256_ObjectCategories/177.saturn/177_0034.jpg,177
./256_ObjectCategories/080.frog/080_0078.jpg,080
./256_ObjectCategories/080.frog/080_0051.jpg,080
./256_ObjectCategories/080.frog/080_0057.jpg,080
./256_ObjectCategories/080.frog/080_0010.jpg,080
./256_ObjectCategories/080.frog/080_0107.jpg,080
./256_ObjectCategories/080.frog/080_0082.jpg,080
./256_ObjectCategories/080.frog/080_0040.jpg,080
./256_ObjectCategories/080.frog/080_0108.jpg,080
./256_ObjectCategories/080.frog/080_0018.jpg,080
./256_ObjectCategories/080.frog/080_0039.jpg,080
./256_ObjectCategories/080.frog/080_0030.jpg,080
./256_ObjectCategories/080.frog/080_0081.jpg,080
./256_ObjectCategories/080.frog/080_0048.jpg,080
./256_ObjectCategories/080.frog/080_0007.jpg,080
./256_ObjectCategories/080.frog/080_0065.jpg,080
./256_ObjectCategories/080.frog/080_0045.jpg,080
./256_ObjectCategories/080.frog/080_0061.jpg,080
./256_ObjectCategories/080.frog/080_0003.jpg,080
./256_ObjectCategories/080.frog/080_0055.jpg,080
./256_ObjectCategories/080.frog/080_0096.jpg,080
./256_ObjectCategories/080.frog/080_0079.jpg,080
./256_ObjectCategories/080.frog/080_0089.jpg,080
./256_ObjectCategories/080.frog/080_0084.jpg,080
./256_ObjectCategories/080.frog/080_0075.jpg,080
./256_ObjectCategories/080.frog/080_0037.jpg,080
./256_ObjectCategories/080.frog/080_0114.jpg,080
./256_ObjectCategories/080.frog/080_0044.jpg,080
./256_ObjectCategories/080.frog/080_0070.jpg,080
./256_ObjectCategories/080.frog/080_0116.jpg,080
./256_ObjectCategories/080.frog/080_0033.jpg,080
./256_ObjectCategories/080.frog/080_0100.jpg,080
./256_ObjectCategories/080.frog/080_0006.jpg,080
./256_ObjectCategories/080.frog/080_0071.jpg,080
./256_ObjectCategories/080.frog/080_0112.jpg,080
./256_ObjectCategories/080.frog/080_0032.jpg,080
./256_ObjectCategories/080.frog/080_0076.jpg,080
./256_ObjectCategories/080.frog/080_0028.jpg,080
./256_ObjectCategories/080.frog/080_0038.jpg,080
./256_ObjectCategories/080.frog/080_0058.jpg,080
./256_ObjectCategories/080.frog/080_0015.jpg,080
./256_ObjectCategories/080.frog/080_0054.jpg,080
./256_ObjectCategories/080.frog/080_0056.jpg,080
./256_ObjectCategories/080.frog/080_0001.jpg,080
./256_ObjectCategories/080.frog/080_0021.jpg,080
./256_ObjectCategories/080.frog/080_0069.jpg,080
./256_ObjectCategories/080.frog/080_0088.jpg,080
./256_ObjectCategories/080.frog/080_0053.jpg,080
./256_ObjectCategories/080.frog/080_0013.jpg,080
./256_ObjectCategories/080.frog/080_0113.jpg,080
./256_ObjectCategories/080.frog/080_0004.jpg,080
./256_ObjectCategories/080.frog/080_0064.jpg,080
./256_ObjectCategories/095.hamburger/095_0056.jpg,095
./256_ObjectCategories/095.hamburger/095_0076.jpg,095
./256_ObjectCategories/095.hamburger/095_0031.jpg,095
./256_ObjectCategories/095.hamburger/095_0006.jpg,095
./256_ObjectCategories/095.hamburger/095_0040.jpg,095
./256_ObjectCategories/095.hamburger/095_0077.jpg,095
./256_ObjectCategories/095.hamburger/095_0038.jpg,095
./256_ObjectCategories/095.hamburger/095_0013.jpg,095
./256_ObjectCategories/095.hamburger/095_0073.jpg,095
./256_ObjectCategories/095.hamburger/095_0050.jpg,095
./256_ObjectCategories/095.hamburger/095_0030.jpg,095
./256_ObjectCategories/095.hamburger/095_0055.jpg,095
./256_ObjectCategories/095.hamburger/095_0020.jpg,095
./256_ObjectCategories/095.hamburger/095_0061.jpg,095
./256_ObjectCategories/095.hamburger/095_0010.jpg,095
./256_ObjectCategories/095.hamburger/095_0079.jpg,095
./256_ObjectCategories/095.hamburger/095_0017.jpg,095
./256_ObjectCategories/095.hamburger/095_0002.jpg,095
./256_ObjectCategories/095.hamburger/095_0045.jpg,095
./256_ObjectCategories/095.hamburger/095_0015.jpg,095
./256_ObjectCategories/095.hamburger/095_0041.jpg,095
./256_ObjectCategories/095.hamburger/095_0074.jpg,095
./256_ObjectCategories/095.hamburger/095_0058.jpg,095
./256_ObjectCategories/095.hamburger/095_0054.jpg,095
./256_ObjectCategories/095.hamburger/095_0069.jpg,095
./256_ObjectCategories/095.hamburger/095_0037.jpg,095
./256_ObjectCategories/095.hamburger/095_0060.jpg,095
./256_ObjectCategories/095.hamburger/095_0032.jpg,095
./256_ObjectCategories/095.hamburger/095_0066.jpg,095
./256_ObjectCategories/095.hamburger/095_0084.jpg,095
./256_ObjectCategories/095.hamburger/095_0024.jpg,095
./256_ObjectCategories/095.hamburger/095_0048.jpg,095
./256_ObjectCategories/095.hamburger/095_0057.jpg,095
./256_ObjectCategories/095.hamburger/095_0068.jpg,095
./256_ObjectCategories/095.hamburger/095_0078.jpg,095
./256_ObjectCategories/095.hamburger/095_0009.jpg,095
./256_ObjectCategories/095.hamburger/095_0053.jpg,095
./256_ObjectCategories/095.hamburger/095_0018.jpg,095
./256_ObjectCategories/095.hamburger/095_0080.jpg,095
./256_ObjectCategories/095.hamburger/095_0035.jpg,095
./256_ObjectCategories/095.hamburger/095_0022.jpg,095
./256_ObjectCategories/095.hamburger/095_0072.jpg,095
./256_ObjectCategories/095.hamburger/095_0085.jpg,095
./256_ObjectCategories/095.hamburger/095_0082.jpg,095
./256_ObjectCategories/095.hamburger/095_0016.jpg,095
./256_ObjectCategories/095.hamburger/095_0005.jpg,095
./256_ObjectCategories/095.hamburger/095_0049.jpg,095
./256_ObjectCategories/095.hamburger/095_0012.jpg,095
./256_ObjectCategories/095.hamburger/095_0051.jpg,095
./256_ObjectCategories/095.hamburger/095_0026.jpg,095
./256_ObjectCategories/095.hamburger/095_0025.jpg,095
./256_ObjectCategories/052.crab-101/052_0030.jpg,052
./256_ObjectCategories/052.crab-101/052_0009.jpg,052
./256_ObjectCategories/052.crab-101/052_0017.jpg,052
./256_ObjectCategories/052.crab-101/052_0085.jpg,052
./256_ObjectCategories/052.crab-101/052_0026.jpg,052
./256_ObjectCategories/052.crab-101/052_0059.jpg,052
./256_ObjectCategories/052.crab-101/052_0018.jpg,052
./256_ObjectCategories/052.crab-101/052_0079.jpg,052
./256_ObjectCategories/052.crab-101/052_0010.jpg,052
./256_ObjectCategories/052.crab-101/052_0012.jpg,052
./256_ObjectCategories/052.crab-101/052_0033.jpg,052
./256_ObjectCategories/052.crab-101/052_0028.jpg,052
./256_ObjectCategories/052.crab-101/052_0003.jpg,052
./256_ObjectCategories/052.crab-101/052_0078.jpg,052
./256_ObjectCategories/052.crab-101/052_0029.jpg,052
./256_ObjectCategories/052.crab-101/052_0080.jpg,052
./256_ObjectCategories/052.crab-101/052_0020.jpg,052
./256_ObjectCategories/052.crab-101/052_0045.jpg,052
./256_ObjectCategories/052.crab-101/052_0084.jpg,052
./256_ObjectCategories/052.crab-101/052_0077.jpg,052
./256_ObjectCategories/052.crab-101/052_0008.jpg,052
./256_ObjectCategories/052.crab-101/052_0024.jpg,052
./256_ObjectCategories/052.crab-101/052_0068.jpg,052
./256_ObjectCategories/052.crab-101/052_0015.jpg,052
./256_ObjectCategories/052.crab-101/052_0043.jpg,052
./256_ObjectCategories/052.crab-101/052_0061.jpg,052
./256_ObjectCategories/052.crab-101/052_0052.jpg,052
./256_ObjectCategories/052.crab-101/052_0067.jpg,052
./256_ObjectCategories/052.crab-101/052_0027.jpg,052
./256_ObjectCategories/052.crab-101/052_0039.jpg,052
./256_ObjectCategories/052.crab-101/052_0055.jpg,052
./256_ObjectCategories/052.crab-101/052_0044.jpg,052
./256_ObjectCategories/052.crab-101/052_0032.jpg,052
./256_ObjectCategories/052.crab-101/052_0001.jpg,052
./256_ObjectCategories/052.crab-101/052_0053.jpg,052
./256_ObjectCategories/052.crab-101/052_0051.jpg,052
./256_ObjectCategories/052.crab-101/052_0065.jpg,052
./256_ObjectCategories/052.crab-101/052_0073.jpg,052
./256_ObjectCategories/052.crab-101/052_0058.jpg,052
./256_ObjectCategories/052.crab-101/052_0041.jpg,052
./256_ObjectCategories/052.crab-101/052_0005.jpg,052
./256_ObjectCategories/052.crab-101/052_0046.jpg,052
./256_ObjectCategories/052.crab-101/052_0064.jpg,052
./256_ObjectCategories/052.crab-101/052_0063.jpg,052
./256_ObjectCategories/052.crab-101/052_0006.jpg,052
./256_ObjectCategories/052.crab-101/052_0002.jpg,052
./256_ObjectCategories/052.crab-101/052_0031.jpg,052
./256_ObjectCategories/052.crab-101/052_0007.jpg,052
./256_ObjectCategories/052.crab-101/052_0013.jpg,052
./256_ObjectCategories/052.crab-101/052_0083.jpg,052
./256_ObjectCategories/052.crab-101/052_0060.jpg,052
./256_ObjectCategories/218.tennis-racket/218_0044.jpg,218
./256_ObjectCategories/218.tennis-racket/218_0039.jpg,218
./256_ObjectCategories/218.tennis-racket/218_0024.jpg,218
./256_ObjectCategories/218.tennis-racket/218_0054.jpg,218
./256_ObjectCategories/218.tennis-racket/218_0073.jpg,218
./256_ObjectCategories/218.tennis-racket/218_0006.jpg,218
./256_ObjectCategories/218.tennis-racket/218_0066.jpg,218
./256_ObjectCategories/218.tennis-racket/218_0056.jpg,218
./256_ObjectCategories/218.tennis-racket/218_0031.jpg,218
./256_ObjectCategories/218.tennis-racket/218_0075.jpg,218
./256_ObjectCategories/218.tennis-racket/218_0055.jpg,218
./256_ObjectCategories/218.tennis-racket/218_0002.jpg,218
./256_ObjectCategories/218.tennis-racket/218_0026.jpg,218
./256_ObjectCategories/218.tennis-racket/218_0076.jpg,218
./256_ObjectCategories/218.tennis-racket/218_0053.jpg,218
./256_ObjectCategories/218.tennis-racket/218_0012.jpg,218
./256_ObjectCategories/218.tennis-racket/218_0011.jpg,218
./256_ObjectCategories/218.tennis-racket/218_0022.jpg,218
./256_ObjectCategories/218.tennis-racket/218_0051.jpg,218
./256_ObjectCategories/218.tennis-racket/218_0019.jpg,218
./256_ObjectCategories/218.tennis-racket/218_0020.jpg,218
./256_ObjectCategories/218.tennis-racket/218_0071.jpg,218
./256_ObjectCategories/218.tennis-racket/218_0040.jpg,218
./256_ObjectCategories/218.tennis-racket/218_0034.jpg,218
./256_ObjectCategories/218.tennis-racket/218_0050.jpg,218
./256_ObjectCategories/218.tennis-racket/218_0072.jpg,218
./256_ObjectCategories/218.tennis-racket/218_0065.jpg,218
./256_ObjectCategories/218.tennis-racket/218_0081.jpg,218
./256_ObjectCategories/218.tennis-racket/218_0042.jpg,218
./256_ObjectCategories/218.tennis-racket/218_0079.jpg,218
./256_ObjectCategories/218.tennis-racket/218_0070.jpg,218
./256_ObjectCategories/218.tennis-racket/218_0060.jpg,218
./256_ObjectCategories/218.tennis-racket/218_0035.jpg,218
./256_ObjectCategories/218.tennis-racket/218_0027.jpg,218
./256_ObjectCategories/218.tennis-racket/218_0010.jpg,218
./256_ObjectCategories/218.tennis-racket/218_0048.jpg,218
./256_ObjectCategories/218.tennis-racket/218_0004.jpg,218
./256_ObjectCategories/218.tennis-racket/218_0014.jpg,218
./256_ObjectCategories/218.tennis-racket/218_0007.jpg,218
./256_ObjectCategories/218.tennis-racket/218_0077.jpg,218
./256_ObjectCategories/218.tennis-racket/218_0025.jpg,218
./256_ObjectCategories/218.tennis-racket/218_0064.jpg,218
./256_ObjectCategories/218.tennis-racket/218_0061.jpg,218
./256_ObjectCategories/218.tennis-racket/218_0028.jpg,218
./256_ObjectCategories/218.tennis-racket/218_0069.jpg,218
./256_ObjectCategories/218.tennis-racket/218_0057.jpg,218
./256_ObjectCategories/218.tennis-racket/218_0052.jpg,218
./256_ObjectCategories/218.tennis-racket/218_0013.jpg,218
./256_ObjectCategories/218.tennis-racket/218_0063.jpg,218
./256_ObjectCategories/218.tennis-racket/218_0029.jpg,218
./256_ObjectCategories/218.tennis-racket/218_0037.jpg,218
./256_ObjectCategories/184.sheet-music/184_0077.jpg,184
./256_ObjectCategories/184.sheet-music/184_0005.jpg,184
./256_ObjectCategories/184.sheet-music/184_0042.jpg,184
./256_ObjectCategories/184.sheet-music/184_0052.jpg,184
./256_ObjectCategories/184.sheet-music/184_0008.jpg,184
./256_ObjectCategories/184.sheet-music/184_0068.jpg,184
./256_ObjectCategories/184.sheet-music/184_0046.jpg,184
./256_ObjectCategories/184.sheet-music/184_0033.jpg,184
./256_ObjectCategories/184.sheet-music/184_0012.jpg,184
./256_ObjectCategories/184.sheet-music/184_0039.jpg,184
./256_ObjectCategories/184.sheet-music/184_0062.jpg,184
./256_ObjectCategories/184.sheet-music/184_0072.jpg,184
./256_ObjectCategories/184.sheet-music/184_0034.jpg,184
./256_ObjectCategories/184.sheet-music/184_0075.jpg,184
./256_ObjectCategories/184.sheet-music/184_0006.jpg,184
./256_ObjectCategories/184.sheet-music/184_0065.jpg,184
./256_ObjectCategories/184.sheet-music/184_0057.jpg,184
./256_ObjectCategories/184.sheet-music/184_0053.jpg,184
./256_ObjectCategories/184.sheet-music/184_0078.jpg,184
./256_ObjectCategories/184.sheet-music/184_0076.jpg,184
./256_ObjectCategories/184.sheet-music/184_0061.jpg,184
./256_ObjectCategories/184.sheet-music/184_0031.jpg,184
./256_ObjectCategories/184.sheet-music/184_0041.jpg,184
./256_ObjectCategories/184.sheet-music/184_0038.jpg,184
./256_ObjectCategories/184.sheet-music/184_0022.jpg,184
./256_ObjectCategories/184.sheet-music/184_0003.jpg,184
./256_ObjectCategories/184.sheet-music/184_0023.jpg,184
./256_ObjectCategories/184.sheet-music/184_0015.jpg,184
./256_ObjectCategories/184.sheet-music/184_0014.jpg,184
./256_ObjectCategories/184.sheet-music/184_0080.jpg,184
./256_ObjectCategories/184.sheet-music/184_0082.jpg,184
./256_ObjectCategories/184.sheet-music/184_0011.jpg,184
./256_ObjectCategories/184.sheet-music/184_0027.jpg,184
./256_ObjectCategories/184.sheet-music/184_0018.jpg,184
./256_ObjectCategories/184.sheet-music/184_0084.jpg,184
./256_ObjectCategories/184.sheet-music/184_0083.jpg,184
./256_ObjectCategories/184.sheet-music/184_0026.jpg,184
./256_ObjectCategories/184.sheet-music/184_0030.jpg,184
./256_ObjectCategories/184.sheet-music/184_0040.jpg,184
./256_ObjectCategories/184.sheet-music/184_0051.jpg,184
./256_ObjectCategories/184.sheet-music/184_0045.jpg,184
./256_ObjectCategories/184.sheet-music/184_0013.jpg,184
./256_ObjectCategories/184.sheet-music/184_0001.jpg,184
./256_ObjectCategories/184.sheet-music/184_0079.jpg,184
./256_ObjectCategories/184.sheet-music/184_0010.jpg,184
./256_ObjectCategories/184.sheet-music/184_0037.jpg,184
./256_ObjectCategories/184.sheet-music/184_0063.jpg,184
./256_ObjectCategories/184.sheet-music/184_0059.jpg,184
./256_ObjectCategories/184.sheet-music/184_0036.jpg,184
./256_ObjectCategories/184.sheet-music/184_0004.jpg,184
./256_ObjectCategories/184.sheet-music/184_0055.jpg,184
./256_ObjectCategories/248.yarmulke/248_0065.jpg,248
./256_ObjectCategories/248.yarmulke/248_0026.jpg,248
./256_ObjectCategories/248.yarmulke/248_0061.jpg,248
./256_ObjectCategories/248.yarmulke/248_0080.jpg,248
./256_ObjectCategories/248.yarmulke/248_0052.jpg,248
./256_ObjectCategories/248.yarmulke/248_0058.jpg,248
./256_ObjectCategories/248.yarmulke/248_0067.jpg,248
./256_ObjectCategories/248.yarmulke/248_0032.jpg,248
./256_ObjectCategories/248.yarmulke/248_0042.jpg,248
./256_ObjectCategories/248.yarmulke/248_0072.jpg,248
./256_ObjectCategories/248.yarmulke/248_0034.jpg,248
./256_ObjectCategories/248.yarmulke/248_0002.jpg,248
./256_ObjectCategories/248.yarmulke/248_0010.jpg,248
./256_ObjectCategories/248.yarmulke/248_0029.jpg,248
./256_ObjectCategories/248.yarmulke/248_0016.jpg,248
./256_ObjectCategories/248.yarmulke/248_0059.jpg,248
./256_ObjectCategories/248.yarmulke/248_0060.jpg,248
./256_ObjectCategories/248.yarmulke/248_0018.jpg,248
./256_ObjectCategories/248.yarmulke/248_0022.jpg,248
./256_ObjectCategories/248.yarmulke/248_0050.jpg,248
./256_ObjectCategories/248.yarmulke/248_0049.jpg,248
./256_ObjectCategories/248.yarmulke/248_0073.jpg,248
./256_ObjectCategories/248.yarmulke/248_0062.jpg,248
./256_ObjectCategories/248.yarmulke/248_0014.jpg,248
./256_ObjectCategories/248.yarmulke/248_0039.jpg,248
./256_ObjectCategories/248.yarmulke/248_0064.jpg,248
./256_ObjectCategories/248.yarmulke/248_0005.jpg,248
./256_ObjectCategories/248.yarmulke/248_0047.jpg,248
./256_ObjectCategories/248.yarmulke/248_0078.jpg,248
./256_ObjectCategories/248.yarmulke/248_0013.jpg,248
./256_ObjectCategories/248.yarmulke/248_0045.jpg,248
./256_ObjectCategories/248.yarmulke/248_0051.jpg,248
./256_ObjectCategories/248.yarmulke/248_0028.jpg,248
./256_ObjectCategories/248.yarmulke/248_0040.jpg,248
./256_ObjectCategories/248.yarmulke/248_0046.jpg,248
./256_ObjectCategories/248.yarmulke/248_0056.jpg,248
./256_ObjectCategories/248.yarmulke/248_0071.jpg,248
./256_ObjectCategories/248.yarmulke/248_0021.jpg,248
./256_ObjectCategories/248.yarmulke/248_0030.jpg,248
./256_ObjectCategories/248.yarmulke/248_0069.jpg,248
./256_ObjectCategories/248.yarmulke/248_0044.jpg,248
./256_ObjectCategories/248.yarmulke/248_0019.jpg,248
./256_ObjectCategories/248.yarmulke/248_0068.jpg,248
./256_ObjectCategories/248.yarmulke/248_0053.jpg,248
./256_ObjectCategories/248.yarmulke/248_0082.jpg,248
./256_ObjectCategories/248.yarmulke/248_0036.jpg,248
./256_ObjectCategories/248.yarmulke/248_0007.jpg,248
./256_ObjectCategories/248.yarmulke/248_0041.jpg,248
./256_ObjectCategories/248.yarmulke/248_0015.jpg,248
./256_ObjectCategories/248.yarmulke/248_0055.jpg,248
./256_ObjectCategories/248.yarmulke/248_0033.jpg,248
./256_ObjectCategories/235.umbrella-101/235_0026.jpg,235
./256_ObjectCategories/235.umbrella-101/235_0079.jpg,235
./256_ObjectCategories/235.umbrella-101/235_0067.jpg,235
./256_ObjectCategories/235.umbrella-101/235_0076.jpg,235
./256_ObjectCategories/235.umbrella-101/235_0100.jpg,235
./256_ObjectCategories/235.umbrella-101/235_0112.jpg,235
./256_ObjectCategories/235.umbrella-101/235_0056.jpg,235
./256_ObjectCategories/235.umbrella-101/235_0111.jpg,235
./256_ObjectCategories/235.umbrella-101/235_0098.jpg,235
./256_ObjectCategories/235.umbrella-101/235_0022.jpg,235
./256_ObjectCategories/235.umbrella-101/235_0001.jpg,235
./256_ObjectCategories/235.umbrella-101/235_0084.jpg,235
./256_ObjectCategories/235.umbrella-101/235_0039.jpg,235
./256_ObjectCategories/235.umbrella-101/235_0011.jpg,235
./256_ObjectCategories/235.umbrella-101/235_0035.jpg,235
./256_ObjectCategories/235.umbrella-101/235_0070.jpg,235
./256_ObjectCategories/235.umbrella-101/235_0109.jpg,235
./256_ObjectCategories/235.umbrella-101/235_0031.jpg,235
./256_ObjectCategories/235.umbrella-101/235_0110.jpg,235
./256_ObjectCategories/235.umbrella-101/235_0063.jpg,235
./256_ObjectCategories/235.umbrella-101/235_0023.jpg,235
./256_ObjectCategories/235.umbrella-101/235_0013.jpg,235
./256_ObjectCategories/235.umbrella-101/235_0108.jpg,235
./256_ObjectCategories/235.umbrella-101/235_0081.jpg,235
./256_ObjectCategories/235.umbrella-101/235_0009.jpg,235
./256_ObjectCategories/235.umbrella-101/235_0093.jpg,235
./256_ObjectCategories/235.umbrella-101/235_0059.jpg,235
./256_ObjectCategories/235.umbrella-101/235_0047.jpg,235
./256_ObjectCategories/235.umbrella-101/235_0017.jpg,235
./256_ObjectCategories/235.umbrella-101/235_0055.jpg,235
./256_ObjectCategories/235.umbrella-101/235_0007.jpg,235
./256_ObjectCategories/235.umbrella-101/235_0074.jpg,235
./256_ObjectCategories/235.umbrella-101/235_0015.jpg,235
./256_ObjectCategories/235.umbrella-101/235_0040.jpg,235
./256_ObjectCategories/235.umbrella-101/235_0008.jpg,235
./256_ObjectCategories/235.umbrella-101/235_0052.jpg,235
./256_ObjectCategories/235.umbrella-101/235_0064.jpg,235
./256_ObjectCategories/235.umbrella-101/235_0065.jpg,235
./256_ObjectCategories/235.umbrella-101/235_0097.jpg,235
./256_ObjectCategories/235.umbrella-101/235_0105.jpg,235
./256_ObjectCategories/235.umbrella-101/235_0048.jpg,235
./256_ObjectCategories/235.umbrella-101/235_0066.jpg,235
./256_ObjectCategories/235.umbrella-101/235_0071.jpg,235
./256_ObjectCategories/235.umbrella-101/235_0025.jpg,235
./256_ObjectCategories/235.umbrella-101/235_0027.jpg,235
./256_ObjectCategories/235.umbrella-101/235_0099.jpg,235
./256_ObjectCategories/235.umbrella-101/235_0104.jpg,235
./256_ObjectCategories/235.umbrella-101/235_0004.jpg,235
./256_ObjectCategories/235.umbrella-101/235_0106.jpg,235
./256_ObjectCategories/235.umbrella-101/235_0092.jpg,235
./256_ObjectCategories/235.umbrella-101/235_0051.jpg,235
./256_ObjectCategories/003.backpack/003_0072.jpg,003
./256_ObjectCategories/003.backpack/003_0038.jpg,003
./256_ObjectCategories/003.backpack/003_0128.jpg,003
./256_ObjectCategories/003.backpack/003_0080.jpg,003
./256_ObjectCategories/003.backpack/003_0103.jpg,003
./256_ObjectCategories/003.backpack/003_0120.jpg,003
./256_ObjectCategories/003.backpack/003_0013.jpg,003
./256_ObjectCategories/003.backpack/003_0115.jpg,003
./256_ObjectCategories/003.backpack/003_0143.jpg,003
./256_ObjectCategories/003.backpack/003_0119.jpg,003
./256_ObjectCategories/003.backpack/003_0081.jpg,003
./256_ObjectCategories/003.backpack/003_0060.jpg,003
./256_ObjectCategories/003.backpack/003_0048.jpg,003
./256_ObjectCategories/003.backpack/003_0118.jpg,003
./256_ObjectCategories/003.backpack/003_0124.jpg,003
./256_ObjectCategories/003.backpack/003_0003.jpg,003
./256_ObjectCategories/003.backpack/003_0017.jpg,003
./256_ObjectCategories/003.backpack/003_0045.jpg,003
./256_ObjectCategories/003.backpack/003_0091.jpg,003
./256_ObjectCategories/003.backpack/003_0151.jpg,003
./256_ObjectCategories/003.backpack/003_0044.jpg,003
./256_ObjectCategories/003.backpack/003_0074.jpg,003
./256_ObjectCategories/003.backpack/003_0019.jpg,003
./256_ObjectCategories/003.backpack/003_0006.jpg,003
./256_ObjectCategories/003.backpack/003_0005.jpg,003
./256_ObjectCategories/003.backpack/003_0065.jpg,003
./256_ObjectCategories/003.backpack/003_0130.jpg,003
./256_ObjectCategories/003.backpack/003_0071.jpg,003
./256_ObjectCategories/003.backpack/003_0046.jpg,003
./256_ObjectCategories/003.backpack/003_0079.jpg,003
./256_ObjectCategories/003.backpack/003_0051.jpg,003
./256_ObjectCategories/003.backpack/003_0040.jpg,003
./256_ObjectCategories/003.backpack/003_0104.jpg,003
./256_ObjectCategories/003.backpack/003_0097.jpg,003
./256_ObjectCategories/003.backpack/003_0089.jpg,003
./256_ObjectCategories/003.backpack/003_0122.jpg,003
./256_ObjectCategories/003.backpack/003_0101.jpg,003
./256_ObjectCategories/003.backpack/003_0016.jpg,003
./256_ObjectCategories/003.backpack/003_0142.jpg,003
./256_ObjectCategories/003.backpack/003_0041.jpg,003
./256_ObjectCategories/003.backpack/003_0066.jpg,003
./256_ObjectCategories/003.backpack/003_0099.jpg,003
./256_ObjectCategories/003.backpack/003_0025.jpg,003
./256_ObjectCategories/003.backpack/003_0053.jpg,003
./256_ObjectCategories/003.backpack/003_0022.jpg,003
./256_ObjectCategories/003.backpack/003_0002.jpg,003
./256_ObjectCategories/003.backpack/003_0145.jpg,003
./256_ObjectCategories/003.backpack/003_0023.jpg,003
./256_ObjectCategories/003.backpack/003_0057.jpg,003
./256_ObjectCategories/003.backpack/003_0136.jpg,003
./256_ObjectCategories/003.backpack/003_0036.jpg,003
./256_ObjectCategories/162.picnic-table/162_0032.jpg,162
./256_ObjectCategories/162.picnic-table/162_0033.jpg,162
./256_ObjectCategories/162.picnic-table/162_0077.jpg,162
./256_ObjectCategories/162.picnic-table/162_0035.jpg,162
./256_ObjectCategories/162.picnic-table/162_0018.jpg,162
./256_ObjectCategories/162.picnic-table/162_0057.jpg,162
./256_ObjectCategories/162.picnic-table/162_0091.jpg,162
./256_ObjectCategories/162.picnic-table/162_0086.jpg,162
./256_ObjectCategories/162.picnic-table/162_0070.jpg,162
./256_ObjectCategories/162.picnic-table/162_0089.jpg,162
./256_ObjectCategories/162.picnic-table/162_0008.jpg,162
./256_ObjectCategories/162.picnic-table/162_0049.jpg,162
./256_ObjectCategories/162.picnic-table/162_0076.jpg,162
./256_ObjectCategories/162.picnic-table/162_0003.jpg,162
./256_ObjectCategories/162.picnic-table/162_0088.jpg,162
./256_ObjectCategories/162.picnic-table/162_0080.jpg,162
./256_ObjectCategories/162.picnic-table/162_0036.jpg,162
./256_ObjectCategories/162.picnic-table/162_0069.jpg,162
./256_ObjectCategories/162.picnic-table/162_0067.jpg,162
./256_ObjectCategories/162.picnic-table/162_0012.jpg,162
./256_ObjectCategories/162.picnic-table/162_0090.jpg,162
./256_ObjectCategories/162.picnic-table/162_0044.jpg,162
./256_ObjectCategories/162.picnic-table/162_0015.jpg,162
./256_ObjectCategories/162.picnic-table/162_0065.jpg,162
./256_ObjectCategories/162.picnic-table/162_0030.jpg,162
./256_ObjectCategories/162.picnic-table/162_0062.jpg,162
./256_ObjectCategories/162.picnic-table/162_0022.jpg,162
./256_ObjectCategories/162.picnic-table/162_0048.jpg,162
./256_ObjectCategories/162.picnic-table/162_0027.jpg,162
./256_ObjectCategories/162.picnic-table/162_0081.jpg,162
./256_ObjectCategories/162.picnic-table/162_0054.jpg,162
./256_ObjectCategories/162.picnic-table/162_0005.jpg,162
./256_ObjectCategories/162.picnic-table/162_0050.jpg,162
./256_ObjectCategories/162.picnic-table/162_0013.jpg,162
./256_ObjectCategories/162.picnic-table/162_0056.jpg,162
./256_ObjectCategories/162.picnic-table/162_0078.jpg,162
./256_ObjectCategories/162.picnic-table/162_0029.jpg,162
./256_ObjectCategories/162.picnic-table/162_0082.jpg,162
./256_ObjectCategories/162.picnic-table/162_0068.jpg,162
./256_ObjectCategories/162.picnic-table/162_0051.jpg,162
./256_ObjectCategories/162.picnic-table/162_0084.jpg,162
./256_ObjectCategories/162.picnic-table/162_0014.jpg,162
./256_ObjectCategories/162.picnic-table/162_0021.jpg,162
./256_ObjectCategories/162.picnic-table/162_0006.jpg,162
./256_ObjectCategories/162.picnic-table/162_0061.jpg,162
./256_ObjectCategories/162.picnic-table/162_0064.jpg,162
./256_ObjectCategories/162.picnic-table/162_0025.jpg,162
./256_ObjectCategories/162.picnic-table/162_0087.jpg,162
./256_ObjectCategories/162.picnic-table/162_0037.jpg,162
./256_ObjectCategories/162.picnic-table/162_0071.jpg,162
./256_ObjectCategories/162.picnic-table/162_0023.jpg,162
